Feature,Importance
dvbm_s,0.6372056611421384
climate_sensitivity,0.07688718306251274
antarctic_temp_threshold,0.07210414928738981
rf_scale_aerosol,0.04128366263019997
movefactor_s,0.027096611131824523
antarctic_precip0,0.007209961114030672
rho_gmsl,0.005356161508343911
greenland_beta,0.005062774103424805
antarctic_lambda,0.004512868544720467
temperature_0,0.004324300859061845
sd_antarctic,0.0042441193551603735
anto_alpha,0.0036637878062986194
wvpdl_s,0.003653517199319808
greenland_b,0.0033993834733257048
heat_diffusivity,0.003371447331150701
rho_antarctic,0.0033556708929158973
thermal_alpha,0.0032745248265602205
antarctic_runoff_height0,0.0031598299230835352
sd_ocean_heat,0.003091467352294022
Q10,0.003051412673330295
antarctic_slope,0.003030433012438696
CO2_diffusivity,0.0029944996359214052
antarctic_mu,0.0029887081970500873
rho_greenland,0.002985886161142727
rho_glaciers,0.0029749839403401153
antarctic_kappa,0.0029555013069135386
sd_gmsl,0.0029274232153153933
antarctic_flow0,0.0028336346481418096
antarctic_c,0.0027056061317071835
CO2_fertilization,0.0026400508023809027
thermal_s0,0.0026124817699432635
glaciers_n,0.0024624762952897518
greenland_alpha,0.0023372922819955414
antarctic_alpha,0.0023210609408750712
greenland_a,0.002319030533117255
ocean_heat_0,0.002283147903220145
antarctic_bed_height0,0.002256198174149045
alpha0_CO2,0.002232992706811715
vslmult_s,0.0022024625344686205
wvel_s,0.002126051307138411
antarctic_s0,0.00212011419075583
greenland_v0,0.0020953214892588806
N2O_0,0.002090867661616137
rho_temperature,0.00206109896932477
glaciers_v0,0.00203000359753646
antarctic_gamma,0.001987482146946903
CO2_0,0.0019314732320236767
anto_beta,0.0019270355243484324
glaciers_beta0,0.00190164591706045
sd_greenland,0.001884621542563004
glaciers_s0,0.0018466758132744993
sigma_whitenoise_co2,0.0018156187951537167
vslel_s,0.0018106500938733588
antarctic_nu,0.0017992575552907334
rho_ocean_heat,0.0017901156933277443
sd_glaciers,0.0017445289002327381
sd_temp,0.0016650731619656774
